method,dataset_size,T,queries_num,conditions,seed,runtime_sec,imp_R,avg_cosine_sim,diversity,query_coverage
3,5,1,50,1,1657317655,2.4402480125427246,1.1102230246251565e-16,1.0,0.0,0.58
3,5,1,50,1,690077814,0.8831279277801514,1.1102230246251565e-16,1.0,0.0,0.5
3,5,1,50,1,124020039,0.606201171875,1.1102230246251565e-16,1.0,0.0,0.46
3,5,1,50,1,359786712,0.4930999279022217,1.1102230246251565e-16,1.0,0.0,0.48
3,5,1,50,1,980267276,0.5360519886016846,1.1102230246251565e-16,1.0,0.0,0.44
