method,dataset_size,T,queries_num,conditions,seed,runtime_sec,imp_R,avg_cosine_sim,diversity,query_coverage
3,5,1,50,1,568886846,2.281898021697998,1.1102230246251565e-16,,1.0,0.6
3,5,1,50,1,728374506,0.6040530204772949,1.1102230246251565e-16,,1.0,0.48
