method,dataset_size,T,queries_num,conditions,seed,runtime_sec,imp_R,avg_cosine_sim,diversity,query_coverage
3,5,1,50,1,386408546,2.371246814727783,1.1102230246251565e-16,,1.0,0.48
3,5,1,50,1,301388366,0.5862174034118652,1.1102230246251565e-16,,1.0,0.46
