method,dataset_size,T,queries_num,conditions,seed,runtime_sec,imp_R,avg_cosine_sim,diversity,query_coverage
3,5,1,50,1,1343557985,2.288877010345459,1.1102230246251565e-16,,1.0,0.62
3,5,1,50,1,167884331,0.5635077953338623,1.1102230246251565e-16,,1.0,0.52
