method,dataset_size,T,queries_num,conditions,seed,runtime_sec,imp_R,diversity,query_coverage
1,5,1,50,1,1118210464,0.5930030345916748,0.2236842105263158,1.0,0.68
3,5,1,50,1,1118210464,0.54707932472229,1.1102230246251565e-16,1.0,0.6
1,5,1,50,1,1585913236,0.42922115325927734,0.23529411764705882,1.0,0.64
3,5,1,50,1,1585913236,0.4012420177459717,1.1102230246251565e-16,1.0,0.46
